{
  "object": "pipette",
  "sequence": "grasp_pipette_press__2026_0701_0028_11",
  "num_frames": 11,
  "fps": 15.0,
  "method": "multi-view mask centroid triangulation",
  "trajectory": [
    {
      "frame": 0,
      "timestamp": 0.0,
      "transform": [
        [
          0.7040283331158605,
          -0.7101718849476534,
          0.0,
          0.01636075124676013
        ],
        [
          0.7101718849476534,
          0.7040283331158605,
          0.0,
          0.24305329255696909
        ],
        [
          0.0,
          0.0,
          1.0,
          0.18344622535657534
        ],
        [
          0.0,
          0.0,
          0.0,
          1.0
        ]
      ],
      "position": [
        0.01636075124676013,
        0.24305329255696909,
        0.18344622535657534
      ]
    },
    {
      "frame": 30,
      "timestamp": 2.0,
      "transform": [
        [
          -0.02089556992973803,
          -0.9997816637432954,
          0.0,
          0.13740009986119106
        ],
        [
          0.9997816637432954,
          -0.02089556992973803,
          0.0,
          0.6186843024548905
        ],
        [
          0.0,
          0.0,
          1.0,
          -0.16300680317284572
        ],
        [
          0.0,
          0.0,
          0.0,
          1.0
        ]
      ],
      "position": [
        0.13740009986119106,
        0.6186843024548905,
        -0.16300680317284572
      ]
    },
    {
      "frame": 60,
      "timestamp": 4.0,
      "transform": [
        [
          -0.12219318905445661,
          -0.9925063347650239,
          0.0,
          0.13029948503012273
        ],
        [
          0.9925063347650239,
          -0.12219318905445661,
          0.0,
          0.6389917784926292
        ],
        [
          0.0,
          0.0,
          1.0,
          -0.15113601564397686
        ],
        [
          0.0,
          0.0,
          0.0,
          1.0
        ]
      ],
      "position": [
        0.13029948503012273,
        0.6389917784926292,
        -0.15113601564397686
      ]
    },
    {
      "frame": 90,
      "timestamp": 6.0,
      "transform": [
        [
          -0.1371226359238478,
          -0.9905540786435114,
          0.0,
          0.1829752149484444
        ],
        [
          0.9905540786435114,
          -0.1371226359238478,
          0.0,
          0.8138303409887604
        ],
        [
          0.0,
          0.0,
          1.0,
          0.18544321570437602
        ],
        [
          0.0,
          0.0,
          0.0,
          1.0
        ]
      ],
      "position": [
        0.1829752149484444,
        0.8138303409887604,
        0.18544321570437602
      ]
    },
    {
      "frame": 120,
      "timestamp": 8.0,
      "transform": [
        [
          -0.13349755577222,
          -0.9910491423753127,
          0.0,
          0.180487967549415
        ],
        [
          0.9910491423753127,
          -0.13349755577222,
          0.0,
          0.80824612000025
        ],
        [
          0.0,
          0.0,
          1.0,
          0.17970068434573827
        ],
        [
          0.0,
          0.0,
          0.0,
          1.0
        ]
      ],
      "position": [
        0.180487967549415,
        0.80824612000025,
        0.17970068434573827
      ]
    },
    {
      "frame": 150,
      "timestamp": 10.0,
      "transform": [
        [
          -0.12439810300727182,
          -0.992232388086678,
          0.0,
          0.18123127575276213
        ],
        [
          0.992232388086678,
          -0.12439810300727182,
          0.0,
          0.8076364446149211
        ],
        [
          0.0,
          0.0,
          1.0,
          0.1783861014200696
        ],
        [
          0.0,
          0.0,
          0.0,
          1.0
        ]
      ],
      "position": [
        0.18123127575276213,
        0.8076364446149211,
        0.1783861014200696
      ]
    },
    {
      "frame": 180,
      "timestamp": 12.0,
      "transform": [
        [
          -0.11047948468822523,
          -0.9938784047674162,
          0.0,
          0.18817589483856428
        ],
        [
          0.9938784047674162,
          -0.11047948468822523,
          0.0,
          0.8183265260040996
        ],
        [
          0.0,
          0.0,
          1.0,
          0.1711443729394183
        ],
        [
          0.0,
          0.0,
          0.0,
          1.0
        ]
      ],
      "position": [
        0.18817589483856428,
        0.8183265260040996,
        0.1711443729394183
      ]
    },
    {
      "frame": 210,
      "timestamp": 14.0,
      "transform": [
        [
          -0.13329235748296375,
          -0.9910767616267842,
          0.0,
          0.17904700921309125
        ],
        [
          0.9910767616267842,
          -0.13329235748296375,
          0.0,
          0.8062668377444017
        ],
        [
          0.0,
          0.0,
          1.0,
          0.17897056396757374
        ],
        [
          0.0,
          0.0,
          0.0,
          1.0
        ]
      ],
      "position": [
        0.17904700921309125,
        0.8062668377444017,
        0.17897056396757374
      ]
    },
    {
      "frame": 240,
      "timestamp": 16.0,
      "transform": [
        [
          -0.13668490242391726,
          -0.9906145756293736,
          0.0,
          0.18016996289081222
        ],
        [
          0.9906145756293736,
          -0.13668490242391726,
          0.0,
          0.8074810353089636
        ],
        [
          0.0,
          0.0,
          1.0,
          0.17983685574449093
        ],
        [
          0.0,
          0.0,
          0.0,
          1.0
        ]
      ],
      "position": [
        0.18016996289081222,
        0.8074810353089636,
        0.17983685574449093
      ]
    },
    {
      "frame": 270,
      "timestamp": 18.0,
      "transform": [
        [
          -0.11028475652343717,
          -0.9939000314310117,
          0.0,
          0.19113179943427877
        ],
        [
          0.9939000314310117,
          -0.11028475652343717,
          0.0,
          0.8275835143752067
        ],
        [
          0.0,
          0.0,
          1.0,
          0.17747719221363742
        ],
        [
          0.0,
          0.0,
          0.0,
          1.0
        ]
      ],
      "position": [
        0.19113179943427877,
        0.8275835143752067,
        0.17747719221363742
      ]
    },
    {
      "frame": 300,
      "timestamp": 20.0,
      "transform": [
        [
          -0.1258159432893903,
          -0.9920536015832011,
          0.0,
          0.17952638830724274
        ],
        [
          0.9920536015832011,
          -0.1258159432893903,
          0.0,
          0.822077220867373
        ],
        [
          0.0,
          0.0,
          1.0,
          0.18939409068990676
        ],
        [
          0.0,
          0.0,
          0.0,
          1.0
        ]
      ],
      "position": [
        0.17952638830724274,
        0.822077220867373,
        0.18939409068990676
      ]
    }
  ]
}