{
  "object": "pipette",
  "sequence": "grasp_pipette_rotate__2026_0701_0025_42",
  "num_frames": 12,
  "fps": 15.0,
  "method": "multi-view mask centroid triangulation",
  "trajectory": [
    {
      "frame": 0,
      "timestamp": 0.0,
      "transform": [
        [
          -0.9159419148930255,
          0.40131086272626304,
          0.0,
          0.009917269295133327
        ],
        [
          -0.40131086272626304,
          -0.9159419148930255,
          0.0,
          0.2427220766587463
        ],
        [
          0.0,
          0.0,
          1.0,
          0.18583059749398478
        ],
        [
          0.0,
          0.0,
          0.0,
          1.0
        ]
      ],
      "position": [
        0.009917269295133327,
        0.2427220766587463,
        0.18583059749398478
      ]
    },
    {
      "frame": 30,
      "timestamp": 2.0,
      "transform": [
        [
          -0.01841733879143265,
          -0.9998303864315397,
          0.0,
          0.1824141948465164
        ],
        [
          0.9998303864315397,
          -0.01841733879143265,
          0.0,
          0.7132107183050677
        ],
        [
          0.0,
          0.0,
          1.0,
          0.08754932779257503
        ],
        [
          0.0,
          0.0,
          0.0,
          1.0
        ]
      ],
      "position": [
        0.1824141948465164,
        0.7132107183050677,
        0.08754932779257503
      ]
    },
    {
      "frame": 60,
      "timestamp": 4.0,
      "transform": [
        [
          -0.13293757758167413,
          -0.9911244122039957,
          0.0,
          0.17449334448595627
        ],
        [
          0.9911244122039957,
          -0.13293757758167413,
          0.0,
          0.7200187469888231
        ],
        [
          0.0,
          0.0,
          1.0,
          0.1019962811719702
        ],
        [
          0.0,
          0.0,
          0.0,
          1.0
        ]
      ],
      "position": [
        0.17449334448595627,
        0.7200187469888231,
        0.1019962811719702
      ]
    },
    {
      "frame": 90,
      "timestamp": 6.0,
      "transform": [
        [
          -0.1227669000298273,
          -0.9924355335522133,
          0.0,
          0.17247588750536155
        ],
        [
          0.9924355335522133,
          -0.1227669000298273,
          0.0,
          0.7222710747042591
        ],
        [
          0.0,
          0.0,
          1.0,
          0.10184489474423128
        ],
        [
          0.0,
          0.0,
          0.0,
          1.0
        ]
      ],
      "position": [
        0.17247588750536155,
        0.7222710747042591,
        0.10184489474423128
      ]
    },
    {
      "frame": 120,
      "timestamp": 8.0,
      "transform": [
        [
          -0.1063553578939123,
          -0.9943281841762596,
          0.0,
          0.17842009925632907
        ],
        [
          0.9943281841762596,
          -0.1063553578939123,
          0.0,
          0.7310537093694915
        ],
        [
          0.0,
          0.0,
          1.0,
          0.09595479008638004
        ],
        [
          0.0,
          0.0,
          0.0,
          1.0
        ]
      ],
      "position": [
        0.17842009925632907,
        0.7310537093694915,
        0.09595479008638004
      ]
    },
    {
      "frame": 150,
      "timestamp": 10.0,
      "transform": [
        [
          -0.128609714971415,
          -0.9916952864741121,
          0.0,
          0.17244486274569032
        ],
        [
          0.9916952864741121,
          -0.128609714971415,
          0.0,
          0.7199455420138374
        ],
        [
          0.0,
          0.0,
          1.0,
          0.10011175510716375
        ],
        [
          0.0,
          0.0,
          0.0,
          1.0
        ]
      ],
      "position": [
        0.17244486274569032,
        0.7199455420138374,
        0.10011175510716375
      ]
    },
    {
      "frame": 180,
      "timestamp": 12.0,
      "transform": [
        [
          -0.10955714919004152,
          -0.9939804983305007,
          0.0,
          0.18004139849679346
        ],
        [
          0.9939804983305007,
          -0.10955714919004152,
          0.0,
          0.7286220150586078
        ],
        [
          0.0,
          0.0,
          1.0,
          0.092792810972369
        ],
        [
          0.0,
          0.0,
          0.0,
          1.0
        ]
      ],
      "position": [
        0.18004139849679346,
        0.7286220150586078,
        0.092792810972369
      ]
    },
    {
      "frame": 210,
      "timestamp": 14.0,
      "transform": [
        [
          -0.13118319384165406,
          -0.9913581439890948,
          0.0,
          0.1724714676675446
        ],
        [
          0.9913581439890948,
          -0.13118319384165406,
          0.0,
          0.7211409610473692
        ],
        [
          0.0,
          0.0,
          1.0,
          0.10150102709483344
        ],
        [
          0.0,
          0.0,
          0.0,
          1.0
        ]
      ],
      "position": [
        0.1724714676675446,
        0.7211409610473692,
        0.10150102709483344
      ]
    },
    {
      "frame": 240,
      "timestamp": 16.0,
      "transform": [
        [
          -0.127719276043305,
          -0.9918103581466438,
          0.0,
          0.1717792883284822
        ],
        [
          0.9918103581466438,
          -0.127719276043305,
          0.0,
          0.7238039615393485
        ],
        [
          0.0,
          0.0,
          1.0,
          0.1039002403562733
        ],
        [
          0.0,
          0.0,
          0.0,
          1.0
        ]
      ],
      "position": [
        0.1717792883284822,
        0.7238039615393485,
        0.1039002403562733
      ]
    },
    {
      "frame": 270,
      "timestamp": 18.0,
      "transform": [
        [
          -0.12377008664563371,
          -0.9923109218645797,
          0.0,
          0.17173255956286015
        ],
        [
          0.9923109218645797,
          -0.12377008664563371,
          0.0,
          0.7244317811973412
        ],
        [
          0.0,
          0.0,
          1.0,
          0.10349339650428115
        ],
        [
          0.0,
          0.0,
          0.0,
          1.0
        ]
      ],
      "position": [
        0.17173255956286015,
        0.7244317811973412,
        0.10349339650428115
      ]
    },
    {
      "frame": 300,
      "timestamp": 20.0,
      "transform": [
        [
          -0.12863384308815767,
          -0.991692157079187,
          0.0,
          0.17261166523746785
        ],
        [
          0.991692157079187,
          -0.12863384308815767,
          0.0,
          0.7230849690232748
        ],
        [
          0.0,
          0.0,
          1.0,
          0.10262720614387345
        ],
        [
          0.0,
          0.0,
          0.0,
          1.0
        ]
      ],
      "position": [
        0.17261166523746785,
        0.7230849690232748,
        0.10262720614387345
      ]
    },
    {
      "frame": 330,
      "timestamp": 22.0,
      "transform": [
        [
          -0.21718454451647493,
          -0.9761305617708994,
          0.0,
          0.17524634678183576
        ],
        [
          0.9761305617708994,
          -0.21718454451647493,
          0.0,
          0.7263332465977558
        ],
        [
          0.0,
          0.0,
          1.0,
          0.10281540429764864
        ],
        [
          0.0,
          0.0,
          0.0,
          1.0
        ]
      ],
      "position": [
        0.17524634678183576,
        0.7263332465977558,
        0.10281540429764864
      ]
    }
  ]
}