{
  "object": "drink_ad",
  "sequence": "weigh_drink_ad__left__2026_0701_0049_04",
  "frame_stride": 5,
  "cameras": {
    "camera_top": {
      "num_masks": 42,
      "masks": {
        "camera_top_frame_000000": {
          "frame": 0,
          "mask_pixels": 6082,
          "sam_score": 0.9042429327964783
        },
        "camera_top_frame_000005": {
          "frame": 5,
          "mask_pixels": 147702,
          "sam_score": 0.736910879611969
        },
        "camera_top_frame_000010": {
          "frame": 10,
          "mask_pixels": 168267,
          "sam_score": 0.9651802182197571
        },
        "camera_top_frame_000015": {
          "frame": 15,
          "mask_pixels": 168508,
          "sam_score": 0.9699854850769043
        },
        "camera_top_frame_000020": {
          "frame": 20,
          "mask_pixels": 137378,
          "sam_score": 0.9665265679359436
        },
        "camera_top_frame_000025": {
          "frame": 25,
          "mask_pixels": 165900,
          "sam_score": 0.9659732580184937
        },
        "camera_top_frame_000030": {
          "frame": 30,
          "mask_pixels": 139294,
          "sam_score": 0.9587588906288147
        },
        "camera_top_frame_000035": {
          "frame": 35,
          "mask_pixels": 122817,
          "sam_score": 0.9427596926689148
        },
        "camera_top_frame_000040": {
          "frame": 40,
          "mask_pixels": 135053,
          "sam_score": 0.9614126086235046
        },
        "camera_top_frame_000045": {
          "frame": 45,
          "mask_pixels": 127482,
          "sam_score": 0.9506696462631226
        },
        "camera_top_frame_000050": {
          "frame": 50,
          "mask_pixels": 167094,
          "sam_score": 0.9713265895843506
        },
        "camera_top_frame_000055": {
          "frame": 55,
          "mask_pixels": 150686,
          "sam_score": 0.9661080241203308
        },
        "camera_top_frame_000060": {
          "frame": 60,
          "mask_pixels": 151976,
          "sam_score": 0.9681667685508728
        },
        "camera_top_frame_000065": {
          "frame": 65,
          "mask_pixels": 166384,
          "sam_score": 0.9720693826675415
        },
        "camera_top_frame_000070": {
          "frame": 70,
          "mask_pixels": 136120,
          "sam_score": 0.9627029299736023
        },
        "camera_top_frame_000075": {
          "frame": 75,
          "mask_pixels": 165303,
          "sam_score": 0.9715324640274048
        },
        "camera_top_frame_000080": {
          "frame": 80,
          "mask_pixels": 139212,
          "sam_score": 0.95132976770401
        },
        "camera_top_frame_000085": {
          "frame": 85,
          "mask_pixels": 126311,
          "sam_score": 0.9653223156929016
        },
        "camera_top_frame_000090": {
          "frame": 90,
          "mask_pixels": 117039,
          "sam_score": 0.9625095129013062
        },
        "camera_top_frame_000095": {
          "frame": 95,
          "mask_pixels": 117844,
          "sam_score": 0.9618179798126221
        },
        "camera_top_frame_000100": {
          "frame": 100,
          "mask_pixels": 118492,
          "sam_score": 0.955706000328064
        },
        "camera_top_frame_000105": {
          "frame": 105,
          "mask_pixels": 166983,
          "sam_score": 0.958109438419342
        },
        "camera_top_frame_000110": {
          "frame": 110,
          "mask_pixels": 169100,
          "sam_score": 0.9633147716522217
        },
        "camera_top_frame_000115": {
          "frame": 115,
          "mask_pixels": 148741,
          "sam_score": 0.9596497416496277
        },
        "camera_top_frame_000120": {
          "frame": 120,
          "mask_pixels": 155737,
          "sam_score": 0.9653905630111694
        },
        "camera_top_frame_000125": {
          "frame": 125,
          "mask_pixels": 170273,
          "sam_score": 0.9765031933784485
        },
        "camera_top_frame_000130": {
          "frame": 130,
          "mask_pixels": 170342,
          "sam_score": 0.9732866287231445
        },
        "camera_top_frame_000135": {
          "frame": 135,
          "mask_pixels": 169792,
          "sam_score": 0.9658127427101135
        },
        "camera_top_frame_000140": {
          "frame": 140,
          "mask_pixels": 135245,
          "sam_score": 0.9658907055854797
        },
        "camera_top_frame_000145": {
          "frame": 145,
          "mask_pixels": 165365,
          "sam_score": 0.9706569910049438
        },
        "camera_top_frame_000150": {
          "frame": 150,
          "mask_pixels": 170310,
          "sam_score": 0.9549351930618286
        },
        "camera_top_frame_000155": {
          "frame": 155,
          "mask_pixels": 128013,
          "sam_score": 0.9547039270401001
        },
        "camera_top_frame_000160": {
          "frame": 160,
          "mask_pixels": 166090,
          "sam_score": 0.9600652456283569
        },
        "camera_top_frame_000165": {
          "frame": 165,
          "mask_pixels": 170269,
          "sam_score": 0.952372670173645
        },
        "camera_top_frame_000170": {
          "frame": 170,
          "mask_pixels": 170400,
          "sam_score": 0.9625416994094849
        },
        "camera_top_frame_000175": {
          "frame": 175,
          "mask_pixels": 128474,
          "sam_score": 0.9524539113044739
        },
        "camera_top_frame_000180": {
          "frame": 180,
          "mask_pixels": 166310,
          "sam_score": 0.9689525961875916
        },
        "camera_top_frame_000185": {
          "frame": 185,
          "mask_pixels": 145800,
          "sam_score": 0.9561553597450256
        },
        "camera_top_frame_000190": {
          "frame": 190,
          "mask_pixels": 170992,
          "sam_score": 0.9578373432159424
        },
        "camera_top_frame_000195": {
          "frame": 195,
          "mask_pixels": 167669,
          "sam_score": 0.9596579074859619
        },
        "camera_top_frame_000200": {
          "frame": 200,
          "mask_pixels": 167963,
          "sam_score": 0.9539237022399902
        },
        "camera_top_frame_000205": {
          "frame": 205,
          "mask_pixels": 125774,
          "sam_score": 0.95654296875
        }
      }
    },
    "camera_side_1": {
      "num_masks": 42,
      "masks": {
        "camera_side_1_frame_000000": {
          "frame": 0,
          "mask_pixels": 20514,
          "sam_score": 0.8275700807571411
        },
        "camera_side_1_frame_000005": {
          "frame": 5,
          "mask_pixels": 132418,
          "sam_score": 0.7171579599380493
        },
        "camera_side_1_frame_000010": {
          "frame": 10,
          "mask_pixels": 127167,
          "sam_score": 0.9845883250236511
        },
        "camera_side_1_frame_000015": {
          "frame": 15,
          "mask_pixels": 125881,
          "sam_score": 0.9785479307174683
        },
        "camera_side_1_frame_000020": {
          "frame": 20,
          "mask_pixels": 126942,
          "sam_score": 0.9848935008049011
        },
        "camera_side_1_frame_000025": {
          "frame": 25,
          "mask_pixels": 126252,
          "sam_score": 0.9813228249549866
        },
        "camera_side_1_frame_000030": {
          "frame": 30,
          "mask_pixels": 126738,
          "sam_score": 0.9824363589286804
        },
        "camera_side_1_frame_000035": {
          "frame": 35,
          "mask_pixels": 125651,
          "sam_score": 0.9811080694198608
        },
        "camera_side_1_frame_000040": {
          "frame": 40,
          "mask_pixels": 126626,
          "sam_score": 0.9810210466384888
        },
        "camera_side_1_frame_000045": {
          "frame": 45,
          "mask_pixels": 125862,
          "sam_score": 0.9799039363861084
        },
        "camera_side_1_frame_000050": {
          "frame": 50,
          "mask_pixels": 125891,