{
  "object": "drink_ad",
  "sequence": "weigh_drink_ad__left__2026_0701_0049_04",
  "num_frames": 7,
  "fps": 15.0,
  "method": "multi-view mask centroid triangulation",
  "trajectory": [
    {
      "frame": 0,
      "timestamp": 0.0,
      "transform": [
        [
          -0.18925641436560778,
          -0.9819277008117622,
          0.0,
          0.030171081438776313
        ],
        [
          0.9819277008117622,
          -0.18925641436560778,
          0.0,
          0.3825266009991342
        ],
        [
          0.0,
          0.0,
          1.0,
          0.16241339567104068
        ],
        [
          0.0,
          0.0,
          0.0,
          1.0
        ]
      ],
      "position": [
        0.030171081438776313,
        0.3825266009991342,
        0.16241339567104068
      ]
    },
    {
      "frame": 30,
      "timestamp": 2.0,
      "transform": [
        [
          -0.010617038144242233,
          -0.9999436376621654,
          0.0,
          0.1347142663881071
        ],
        [
          0.9999436376621654,
          -0.010617038144242233,
          0.0,
          0.6277870220289699
        ],
        [
          0.0,
          0.0,
          1.0,
          -0.16577253396481037
        ],
        [
          0.0,
          0.0,
          0.0,
          1.0
        ]
      ],
      "position": [
        0.1347142663881071,
        0.6277870220289699,
        -0.16577253396481037
      ]
    },
    {
      "frame": 60,
      "timestamp": 4.0,
      "transform": [
        [
          -0.12667382025554869,
          -0.991944425490594,
          0.0,
          0.1305399233209918
        ],
        [
          0.991944425490594,
          -0.12667382025554869,
          0.0,
          0.6386553592081553
        ],
        [
          0.0,
          0.0,
          1.0,
          -0.15054790648123767
        ],
        [
          0.0,
          0.0,
          0.0,
          1.0
        ]
      ],
      "position": [
        0.1305399233209918,
        0.6386553592081553,
        -0.15054790648123767
      ]
    },
    {
      "frame": 90,
      "timestamp": 6.0,
      "transform": [
        [
          -0.11532912576323029,
          -0.9933273341405082,
          0.0,
          0.13552874557318342
        ],
        [
          0.9933273341405082,
          -0.11532912576323029,
          0.0,
          0.6407419508541837
        ],
        [
          0.0,
          0.0,
          1.0,
          -0.15621567045061693
        ],
        [
          0.0,
          0.0,
          0.0,
          1.0
        ]
      ],
      "position": [
        0.13552874557318342,
        0.6407419508541837,
        -0.15621567045061693
      ]
    },
    {
      "frame": 120,
      "timestamp": 8.0,
      "transform": [
        [
          -0.137637216126921,
          -0.9904827089539883,
          0.0,
          0.13018332083654957
        ],
        [
          0.9904827089539883,
          -0.137637216126921,
          0.0,
          0.6389234872826266
        ],
        [
          0.0,
          0.0,
          1.0,
          -0.14867322211241904
        ],
        [
          0.0,
          0.0,
          0.0,
          1.0
        ]
      ],
      "position": [
        0.13018332083654957,
        0.6389234872826266,
        -0.14867322211241904
      ]
    },
    {
      "frame": 150,
      "timestamp": 10.0,
      "transform": [
        [
          -0.12210992405809196,
          -0.9925165824541808,
          0.0,
          0.13036625806948887
        ],
        [
          0.9925165824541808,
          -0.12210992405809196,
          0.0,
          0.63767400987976
        ],
        [
          0.0,
          0.0,
          1.0,
          -0.1507243549129165
        ],
        [
          0.0,
          0.0,
          0.0,
          1.0
        ]
      ],
      "position": [
        0.13036625806948887,
        0.63767400987976,
        -0.1507243549129165
      ]
    },
    {
      "frame": 180,
      "timestamp": 12.0,
      "transform": [
        [
          -0.07569801878465003,
          -0.9971307887895543,
          0.0,
          0.1349760758622158
        ],
        [
          0.9971307887895543,
          -0.07569801878465003,
          0.0,
          0.6350610458344179
        ],
        [
          0.0,
          0.0,
          1.0,
          -0.1622975883000915
        ],
        [
          0.0,
          0.0,
          0.0,
          1.0
        ]
      ],
      "position": [
        0.1349760758622158,
        0.6350610458344179,
        -0.1622975883000915
      ]
    }
  ]
}