{
  "object": "drink_ad",
  "sequence": "weigh_drink_ad__2026_0701_0047_56",
  "num_frames": 9,
  "fps": 15.0,
  "method": "multi-view mask centroid triangulation",
  "trajectory": [
    {
      "frame": 0,
      "timestamp": 0.0,
      "transform": [
        [
          -0.9994624959841008,
          0.032782908980620765,
          0.0,
          0.05648278574651824
        ],
        [
          -0.032782908980620765,
          -0.9994624959841008,
          0.0,
          0.3727968835493885
        ],
        [
          0.0,
          0.0,
          1.0,
          0.1491529554364271
        ],
        [
          0.0,
          0.0,
          0.0,
          1.0
        ]
      ],
      "position": [
        0.05648278574651824,
        0.3727968835493885,
        0.1491529554364271
      ]
    },
    {
      "frame": 30,
      "timestamp": 2.0,
      "transform": [
        [
          -0.017723630836949215,
          -0.9998429241185617,
          0.0,
          0.17927315277383304
        ],
        [
          0.9998429241185617,
          -0.017723630836949215,
          0.0,
          0.7196200482825436
        ],
        [
          0.0,
          0.0,
          1.0,
          0.08573632276920534
        ],
        [
          0.0,
          0.0,
          0.0,
          1.0
        ]
      ],
      "position": [
        0.17927315277383304,
        0.7196200482825436,
        0.08573632276920534
      ]
    },
    {
      "frame": 60,
      "timestamp": 4.0,
      "transform": [
        [
          -0.13027678828807912,
          -0.991477664112179,
          0.0,
          0.17101926190562736
        ],
        [
          0.991477664112179,
          -0.13027678828807912,
          0.0,
          0.7227340765944181
        ],
        [
          0.0,
          0.0,
          1.0,
          0.10164813617234639
        ],
        [
          0.0,
          0.0,
          0.0,
          1.0
        ]
      ],
      "position": [
        0.17101926190562736,
        0.7227340765944181,
        0.10164813617234639
      ]
    },
    {
      "frame": 90,
      "timestamp": 6.0,
      "transform": [
        [
          -0.21834598820361806,
          -0.9758714205444209,
          0.0,
          0.172953436686263
        ],
        [
          0.9758714205444209,
          -0.21834598820361806,
          0.0,
          0.7276164498100886
        ],
        [
          0.0,
          0.0,
          1.0,
          0.10552930808025436
        ],
        [
          0.0,
          0.0,
          0.0,
          1.0
        ]
      ],
      "position": [
        0.172953436686263,
        0.7276164498100886,
        0.10552930808025436
      ]
    },
    {
      "frame": 120,
      "timestamp": 8.0,
      "transform": [
        [
          -0.1208012422351986,
          -0.9926767146833014,
          0.0,
          0.17105770555418776
        ],
        [
          0.9926767146833014,
          -0.1208012422351986,
          0.0,
          0.7209202008233896
        ],
        [
          0.0,
          0.0,
          1.0,
          0.10118574914787437
        ],
        [
          0.0,
          0.0,
          0.0,
          1.0
        ]
      ],
      "position": [
        0.17105770555418776,
        0.7209202008233896,
        0.10118574914787437
      ]
    },
    {
      "frame": 150,
      "timestamp": 10.0,
      "transform": [
        [
          -0.13396516824008098,
          -0.990986041121875,
          0.0,
          0.17078309669241226
        ],
        [
          0.990986041121875,
          -0.13396516824008098,
          0.0,
          0.7212352695759079
        ],
        [
          0.0,
          0.0,
          1.0,
          0.10131393376056189
        ],
        [
          0.0,
          0.0,
          0.0,
          1.0
        ]
      ],
      "position": [
        0.17078309669241226,
        0.7212352695759079,
        0.10131393376056189
      ]
    },
    {
      "frame": 180,
      "timestamp": 12.0,
      "transform": [
        [
          -0.12637687864173863,
          -0.991982300519909,
          0.0,
          0.1790785066984214
        ],
        [
          0.991982300519909,
          -0.12637687864173863,
          0.0,
          0.7316503828661457
        ],
        [
          0.0,
          0.0,
          1.0,
          0.09377217264808368
        ],
        [
          0.0,
          0.0,
          0.0,
          1.0
        ]
      ],
      "position": [
        0.1790785066984214,
        0.7316503828661457,
        0.09377217264808368
      ]
    },
    {
      "frame": 210,
      "timestamp": 14.0,
      "transform": [
        [
          -0.10686798741387618,
          -0.9942732186205698,
          0.0,
          0.18125019850030866
        ],
        [
          0.9942732186205698,
          -0.10686798741387618,
          0.0,
          0.7270688931613368
        ],
        [
          0.0,
          0.0,
          1.0,
          0.08790558207893095
        ],
        [
          0.0,
          0.0,
          0.0,
          1.0
        ]
      ],
      "position": [
        0.18125019850030866,
        0.7270688931613368,
        0.08790558207893095
      ]
    },
    {
      "frame": 240,
      "timestamp": 16.0,
      "transform": [
        [
          -0.1194291640527705,
          -0.9928427240875849,
          0.0,
          0.1794242940277981
        ],
        [
          0.9928427240875849,
          -0.1194291640527705,
          0.0,
          0.726352701900713
        ],
        [
          0.0,
          0.0,
          1.0,
          0.08795183793073887
        ],
        [
          0.0,
          0.0,
          0.0,
          1.0
        ]
      ],
      "position": [
        0.1794242940277981,
        0.726352701900713,
        0.08795183793073887
      ]
    }
  ]
}