{
  "object": "pipette",
  "sequence": "grasp_pipette_stand__2026_0701_0019_19",
  "num_frames": 9,
  "fps": 15.0,
  "method": "multi-view mask centroid triangulation",
  "trajectory": [
    {
      "frame": 0,
      "timestamp": 0.0,
      "transform": [
        [
          -0.953390914515371,
          0.3017379063351917,
          0.0,
          0.026195409876525792
        ],
        [
          -0.3017379063351917,
          -0.953390914515371,
          0.0,
          0.23134120537624792
        ],
        [
          0.0,
          0.0,
          1.0,
          0.17820019195778675
        ],
        [
          0.0,
          0.0,
          0.0,
          1.0
        ]
      ],
      "position": [
        0.026195409876525792,
        0.23134120537624792,
        0.17820019195778675
      ]
    },
    {
      "frame": 30,
      "timestamp": 2.0,
      "transform": [
        [
          -0.08805571009375122,
          -0.9961155514898284,
          0.0,
          0.1770778559851925
        ],
        [
          0.9961155514898284,
          -0.08805571009375122,
          0.0,
          0.7193302544392172
        ],
        [
          0.0,
          0.0,
          1.0,
          0.09826463550293019
        ],
        [
          0.0,
          0.0,
          0.0,
          1.0
        ]
      ],
      "position": [
        0.1770778559851925,
        0.7193302544392172,
        0.09826463550293019
      ]
    },
    {
      "frame": 60,
      "timestamp": 4.0,
      "transform": [
        [
          -0.20707706045452906,
          -0.9783246347882238,
          0.0,
          0.17434964902436517
        ],
        [
          0.9783246347882238,
          -0.20707706045452906,
          0.0,
          0.7294566416593327
        ],
        [
          0.0,
          0.0,
          1.0,
          0.1063920011783019
        ],
        [
          0.0,
          0.0,
          0.0,
          1.0
        ]
      ],
      "position": [
        0.17434964902436517,
        0.7294566416593327,
        0.1063920011783019
      ]
    },
    {
      "frame": 90,
      "timestamp": 6.0,
      "transform": [
        [
          -0.11559416329659673,
          -0.9932965264269071,
          0.0,
          0.17841708521538457
        ],
        [
          0.9932965264269071,
          -0.11559416329659673,
          0.0,
          0.7316926664025706
        ],
        [
          0.0,
          0.0,
          1.0,
          0.0959267522315878
        ],
        [
          0.0,
          0.0,
          0.0,
          1.0
        ]
      ],
      "position": [
        0.17841708521538457,
        0.7316926664025706,
        0.0959267522315878
      ]
    },
    {
      "frame": 120,
      "timestamp": 8.0,
      "transform": [
        [
          -0.12436279116664686,
          -0.9922368145625523,
          0.0,
          0.16998973194417172
        ],
        [
          0.9922368145625523,
          -0.12436279116664686,
          0.0,
          0.7160669649426383
        ],
        [
          0.0,
          0.0,
          1.0,
          0.09500915924034345
        ],
        [
          0.0,
          0.0,
          0.0,
          1.0
        ]
      ],
      "position": [
        0.16998973194417172,
        0.7160669649426383,
        0.09500915924034345
      ]
    },
    {
      "frame": 150,
      "timestamp": 10.0,
      "transform": [
        [
          -0.21182650145620197,
          -0.9773072870294306,
          0.0,
          0.17420400713913853
        ],
        [
          0.9773072870294306,
          -0.21182650145620197,
          0.0,
          0.7303608912859573
        ],
        [
          0.0,
          0.0,
          1.0,
          0.1077884278474571
        ],
        [
          0.0,
          0.0,
          0.0,
          1.0
        ]
      ],
      "position": [
        0.17420400713913853,
        0.7303608912859573,
        0.1077884278474571
      ]
    },
    {
      "frame": 180,
      "timestamp": 12.0,
      "transform": [
        [
          -0.11483059768738853,
          -0.9933850883895716,
          0.0,
          0.1775305809388335
        ],
        [
          0.9933850883895716,
          -0.11483059768738853,
          0.0,
          0.7321864343491529
        ],
        [
          0.0,
          0.0,
          1.0,
          0.096803103476113
        ],
        [
          0.0,
          0.0,
          0.0,
          1.0
        ]
      ],
      "position": [
        0.1775305809388335,
        0.7321864343491529,
        0.096803103476113
      ]
    },
    {
      "frame": 210,
      "timestamp": 14.0,
      "transform": [
        [
          -0.12924633609121794,
          -0.9916125173710726,
          0.0,
          0.17467869383804677
        ],
        [
          0.9916125173710726,
          -0.12924633609121794,
          0.0,
          0.7187168002283724
        ],
        [
          0.0,
          0.0,
          1.0,
          0.10014107104723939
        ],
        [
          0.0,
          0.0,
          0.0,
          1.0
        ]
      ],
      "position": [
        0.17467869383804677,
        0.7187168002283724,
        0.10014107104723939
      ]
    },
    {
      "frame": 240,
      "timestamp": 16.0,
      "transform": [
        [
          -0.1186203251222366,
          -0.992939685211491,
          0.0,
          0.17451967492964762
        ],
        [
          0.992939685211491,
          -0.1186203251222366,
          0.0,
          0.7196251124810231
        ],
        [
          0.0,
          0.0,
          1.0,
          0.09889499353744834
        ],
        [
          0.0,
          0.0,
          0.0,
          1.0
        ]
      ],
      "position": [
        0.17451967492964762,
        0.7196251124810231,
        0.09889499353744834
      ]
    }
  ]
}