{
  "sequence": "weigh_bread__2026_0701_0044_30",
  "method": "GrabCut mask centroid tracking + ground-plane back-projection",
  "num_frames": 47,
  "first_pose": [
    [
      0.9995756189213888,
      0.0,
      0.029130431818330867,
      0.050775596437494915
    ],
    [
      0.0,
      1.0,
      0.0,
      0.050000000000000044
    ],
    [
      -0.029130431818330867,
      0.0,
      0.9995756189213888,
      0.23536524819185473
    ],
    [
      0.0,
      0.0,
      0.0,
      1.0
    ]
  ],
  "last_pose": [
    [
      0.9988015284686157,
      0.0,
      -0.048943914113575994,
      0.0444506706120682
    ],
    [
      0.0,
      1.0,
      0.0,
      0.050000000000000044
    ],
    [
      0.048943914113575994,
      0.0,
      0.9988015284686157,
      0.2301946141428901
    ],
    [
      0.0,
      0.0,
      0.0,
      1.0
    ]
  ],
  "position_range": {
    "x": [
      0.0444506706120682,
      0.06470505948907518
    ],
    "y": [
      0.050000000000000044,
      0.050000000000000044
    ],
    "z": [
      0.2301946141428901,
      0.24355193776324927
    ]
  },
  "track_data": [
    {
      "frame": "frame_000000.jpg",
      "fg_pixels": 120943,
      "centroid_2d": [
        639.8456132227578,
        361.3836352661998
      ],
      "centroid_3d": [
        0.05126834712690345,
        0.050000000000000044,
        0.24070558456329505
      ],
      "orientation_rad": 0.029134553319332658,
      "status": "ok"
    },
    {
      "frame": "frame_000005.jpg",
      "fg_pixels": 98426,
      "centroid_2d": [
        640.2246764066405,
        368.10407819072196
      ],
      "centroid_3d": [
        0.05028284574808638,
        0.050000000000000044,
        0.2300249118204144
      ],
      "orientation_rad": 0.0005971425961182828,
      "status": "ok"
    },
    {
      "frame": "frame_000010.jpg",
      "fg_pixels": 120889,
      "centroid_2d": [
        639.6591501294577,
        361.2871725301723
      ],
      "centroid_3d": [
        0.05153956028408413,
        0.050000000000000044,
        0.2408529827888345
      ],
      "orientation_rad": 0.02789714201428502,
      "status": "ok"
    },
    {
      "frame": "frame_000015.jpg",
      "fg_pixels": 121224,
      "centroid_2d": [
        640.2094634725797,
        361.4716805253085
      ],
      "centroid_3d": [
        0.05074590691219779,
        0.050000000000000044,
        0.2405779952916287
      ],
      "orientation_rad": 0.025853091616717425,
      "status": "ok"
    },
    {
      "frame": "frame_000020.jpg",
      "fg_pixels": 120760,
      "centroid_2d": [
        640.1956359721762,
        361.8130672408082
      ],
      "centroid_3d": [
        0.05074272789469978,
        0.050000000000000044,
        0.24003241975857126
      ],
      "orientation_rad": 0.02598083356957862,
      "status": "ok"
    },
    {
      "frame": "frame_000025.jpg",
      "fg_pixels": 97990,
      "centroid_2d": [
        640.6421879783651,
        369.06197571180735
      ],
      "centroid_3d": [
        0.04962909560026563,
        0.050000000000000044,
        0.22852199735886258
      ],
      "orientation_rad": -0.014761511508546052,
      "status": "ok"
    },
    {
      "frame": "frame_000030.jpg",
      "fg_pixels": 97673,
      "centroid_2d": [
        641.0327214276207,
        369.2583211327593
      ],
      "centroid_3d": [
        0.04906411228922964,
        0.050000000000000044,
        0.22822512922198424
      ],
      "orientation_rad": -0.01272882347973935,
      "status": "ok"
    },
    {
      "frame": "frame_000035.jpg",
      "fg_pixels": 119612,
      "centroid_2d": [
        640.655318864328,
        362.74784302578337
      ],
      "centroid_3d": [
        0.05002820880898661,
        0.050000000000000044,
        0.23855740292802308
      ],
      "orientation_rad": 0.02144568642288346,
      "status": "ok"
    },
    {
      "frame": "frame_000040.jpg",
      "fg_pixels": 118967,
      "centroid_2d": [
        640.3618734607076,
        363.16236435313994
      ],
      "centroid_3d": [
        0.05041688720514105,
        0.050000000000000044,
        0.23788598091757363
      ],
      "orientation_rad": 0.015041706109022895,
      "status": "ok"
    },
    {
      "frame": "frame_000045.jpg",
      "fg_pixels": 99690,
      "centroid_2d": [
        639.582997291604,
        366.90561741398335
      ],
      "centroid_3d": [
        0.05127064546497814,
        0.050000000000000044,
        0.23190322764806237
      ],
      "orientation_rad": 0.02400450855446622,
      "status": "ok"
    },
    {
      "frame": "frame_000050.jpg",
      "fg_pixels": 99832,
      "centroid_2d": [
        639.7839770814969,
        366.65766487699335
      ],
      "centroid_3d": [
        0.05100271756137602,
        0.050000000000000044,
        0.23230415636062018
      ],
      "orientation_rad": 0.02039943789186927,
      "status": "ok"
    },
    {
      "frame": "frame_000055.jpg",
      "fg_pixels": 121643,
      "centroid_2d": [
        638.7320355466405,
        359.8190853563296
      ],
      "centroid_3d": [
        0.05295579229138732,
        0.050000000000000044,
        0.24316669930283963
      ],
      "orientation_rad": 0.02914129216770364,
      "status": "ok"
    },
    {
      "frame": "frame_000060.jpg",
      "fg_pixels": 99111,
      "centroid_2d": [
        639.2590832500933,
        367.1110572993916
      ],
      "centroid_3d": [
        0.05171534932288911,
        0.050000000000000044,
        0.23156545376280657
      ],
      "orientation_rad": 0.02373687040686145,
      "status": "ok"
    },
    {
      "frame": "frame_000065.jpg",
      "fg_pixels": 99586,
      "centroid_2d": [
        639.4083907376539,
        366.9640913381399
      ],
      "centroid_3d": [
        0.05151387876786041,
        0.050000000000000044,
        0.2318041156599464
      ],
      "orientation_rad": 0.015034528139739687,
      "status": "ok"
    },
    {
      "frame": "frame_000070.jpg",
      "fg_pixels": 99681,
      "centroid_2d": [
        640.1570008326562,
        367.4247148403407
      ],
      "centroid_3d": [
        0.050423681892274905,
        0.050000000000000044,
        0.23110000742292913
      ],
      "orientation_rad": 0.005201072983158402,
      "status": "ok"
    },
    {
      "frame": "frame_000075.jpg",
      "fg_pixels": 114932,
      "centroid_2d": [
        610.8549142101416,
        364.6180698151951
      ],
      "centroid_3d": [
        0.09217761780709022,
        0.050000000000000044,
        0.23450705758949741
      ],
      "orientation_rad": 0.06173874409763025,
      "status": "ok"
    },
    {
      "frame": "frame_000080.jpg",
      "fg_pixels": 99825,
      "centroid_2d": [
        640.1267217630854,
        366.99917856248436
      ],
      "centroid_3d": [
        0.05049480962482629,
        0.050000000000000044,
        0.2317742620808213
      ],
      "orientation_rad": 0.013103739376967854,
      "status": "ok"
    },
    {
      "frame": "frame_000085.jpg",
      "fg_pixels": 99989,
      "centroid_2d": [
        640.0989408834972,
        367.2772404964546
      ],
      "centroid_3d": [
        0.050515641414939645,
        0.050000000000000044,
        0.23133193064781077
      ],
      "orientation_rad": 0.011033248314757167,
      "status": "ok"
    },
    {
      "frame": "frame_000090.jpg",
      "fg_pixels": 99823,
      "centroid_2d": [
        640.1886138465084,
        367.29350951183596
      ],
      "centroid_3d": [
        0.05038766132660288,
        0.050000000000000044,
        0.2313093403617864
      ],
      "orientation_rad": 0.007223156813311424,
      "status": "ok"
    },
    {
      "frame": "frame_000095.jpg",
      "fg_pixels": 128208,
      "centroid_2d": [
        639.1362005491077,
        364.0245148508673
      ],
      "centroid_3d": [
        0.05209713291010236,
        0.050000000000000044,
        0.23646835666249344
      ],