{
  "object": "drink_yykx",
  "sequence": "weigh_drink_yykx__2026_0701_0051_12",
  "num_frames": 9,
  "fps": 15.0,
  "method": "multi-view mask centroid triangulation",
  "trajectory": [
    {
      "frame": 0,
      "timestamp": 0.0,
      "transform": [
        [
          0.3136260733855625,
          -0.9495465686804171,
          0.0,
          0.0027913349413788125
        ],
        [
          0.9495465686804171,
          0.3136260733855625,
          0.0,
          0.37185182814521955
        ],
        [
          0.0,
          0.0,
          1.0,
          0.15637791524358938
        ],
        [
          0.0,
          0.0,
          0.0,
          1.0
        ]
      ],
      "position": [
        0.0027913349413788125,
        0.37185182814521955,
        0.15637791524358938
      ]
    },
    {
      "frame": 30,
      "timestamp": 2.0,
      "transform": [
        [
          -0.013502488044906622,
          -0.9999088372529755,
          0.0,
          0.2283644771204546
        ],
        [
          0.9999088372529755,
          -0.013502488044906622,
          0.0,
          0.5952021779771667
        ],
        [
          0.0,
          0.0,
          1.0,
          0.14569404220773105
        ],
        [
          0.0,
          0.0,
          0.0,
          1.0
        ]
      ],
      "position": [
        0.2283644771204546,
        0.5952021779771667,
        0.14569404220773105
      ]
    },
    {
      "frame": 60,
      "timestamp": 4.0,
      "transform": [
        [
          -0.10955124065042794,
          -0.9939811495556401,
          0.0,
          0.23165708419472342
        ],
        [
          0.9939811495556401,
          -0.10955124065042794,
          0.0,
          0.6105474555751152
        ],
        [
          0.0,
          0.0,
          1.0,
          0.15562021048232985
        ],
        [
          0.0,
          0.0,
          0.0,
          1.0
        ]
      ],
      "position": [
        0.23165708419472342,
        0.6105474555751152,
        0.15562021048232985
      ]
    },
    {
      "frame": 90,
      "timestamp": 6.0,
      "transform": [
        [
          -0.1356488809061269,
          -0.9907569737876768,
          0.0,
          0.22792910733937208
        ],
        [
          0.9907569737876768,
          -0.1356488809061269,
          0.0,
          0.6036389096191728
        ],
        [
          0.0,
          0.0,
          1.0,
          0.1629213733316502
        ],
        [
          0.0,
          0.0,
          0.0,
          1.0
        ]
      ],
      "position": [
        0.22792910733937208,
        0.6036389096191728,
        0.1629213733316502
      ]
    },
    {
      "frame": 120,
      "timestamp": 8.0,
      "transform": [
        [
          -0.11089723525341262,
          -0.9938318787466768,
          0.0,
          0.23299050793282672
        ],
        [
          0.9938318787466768,
          -0.11089723525341262,
          0.0,
          0.6095384968660417
        ],
        [
          0.0,
          0.0,
          1.0,
          0.15702504269065615
        ],
        [
          0.0,
          0.0,
          0.0,
          1.0
        ]
      ],
      "position": [
        0.23299050793282672,
        0.6095384968660417,
        0.15702504269065615
      ]
    },
    {
      "frame": 150,
      "timestamp": 10.0,
      "transform": [
        [
          -0.20649669076918098,
          -0.9784472988880789,
          0.0,
          0.23453607885550395
        ],
        [
          0.9784472988880789,
          -0.20649669076918098,
          0.0,
          0.6106908784278694
        ],
        [
          0.0,
          0.0,
          1.0,
          0.1766196300536104
        ],
        [
          0.0,
          0.0,
          0.0,
          1.0
        ]
      ],
      "position": [
        0.23453607885550395,
        0.6106908784278694,
        0.1766196300536104
      ]
    },
    {
      "frame": 180,
      "timestamp": 12.0,
      "transform": [
        [
          -0.06640687980670468,
          -0.9977926269091879,
          0.0,
          0.23287447533122727
        ],
        [
          0.9977926269091879,
          -0.06640687980670468,
          0.0,
          0.6050950750367513
        ],
        [
          0.0,
          0.0,
          1.0,
          0.15053472900417209
        ],
        [
          0.0,
          0.0,
          0.0,
          1.0
        ]
      ],
      "position": [
        0.23287447533122727,
        0.6050950750367513,
        0.15053472900417209
      ]
    },
    {
      "frame": 210,
      "timestamp": 14.0,
      "transform": [
        [
          -0.13660799545219424,
          -0.9906251842036589,
          0.0,
          0.23112411723774123
        ],
        [
          0.9906251842036589,
          -0.13660799545219424,
          0.0,
          0.6028621998153725
        ],
        [
          0.0,
          0.0,
          1.0,
          0.16545733619718364
        ],
        [
          0.0,
          0.0,
          0.0,
          1.0
        ]
      ],
      "position": [
        0.23112411723774123,
        0.6028621998153725,
        0.16545733619718364
      ]
    },
    {
      "frame": 240,
      "timestamp": 16.0,
      "transform": [
        [
          -0.11371047326104623,
          -0.9935139295806318,
          0.0,
          0.22830888668484875
        ],
        [
          0.9935139295806318,
          -0.11371047326104623,
          0.0,
          0.5999155720544275
        ],
        [
          0.0,
          0.0,
          1.0,
          0.1568380418354895
        ],
        [
          0.0,
          0.0,
          0.0,
          1.0
        ]
      ],
      "position": [
        0.22830888668484875,
        0.5999155720544275,
        0.1568380418354895
      ]
    }
  ]
}