{
  "object": "bread",
  "sequence": "weigh_bread__left__2026_0701_0046_02",
  "frame_stride": 5,
  "cameras": {
    "camera_top": {
      "num_masks": 44,
      "masks": {
        "camera_top_frame_000000": {
          "frame": 0,
          "mask_pixels": 6167,
          "sam_score": 0.9207578301429749
        },
        "camera_top_frame_000005": {
          "frame": 5,
          "mask_pixels": 143958,
          "sam_score": 0.7517060041427612
        },
        "camera_top_frame_000010": {
          "frame": 10,
          "mask_pixels": 118346,
          "sam_score": 0.9572075605392456
        },
        "camera_top_frame_000015": {
          "frame": 15,
          "mask_pixels": 137087,
          "sam_score": 0.9734266996383667
        },
        "camera_top_frame_000020": {
          "frame": 20,
          "mask_pixels": 124039,
          "sam_score": 0.9453265070915222
        },
        "camera_top_frame_000025": {
          "frame": 25,
          "mask_pixels": 124125,
          "sam_score": 0.9603081345558167
        },
        "camera_top_frame_000030": {
          "frame": 30,
          "mask_pixels": 122382,
          "sam_score": 0.9606671929359436
        },
        "camera_top_frame_000035": {
          "frame": 35,
          "mask_pixels": 165607,
          "sam_score": 0.9676947593688965
        },
        "camera_top_frame_000040": {
          "frame": 40,
          "mask_pixels": 167776,
          "sam_score": 0.9579280018806458
        },
        "camera_top_frame_000045": {
          "frame": 45,
          "mask_pixels": 167003,
          "sam_score": 0.9579817056655884
        },
        "camera_top_frame_000050": {
          "frame": 50,
          "mask_pixels": 126122,
          "sam_score": 0.9510507583618164
        },
        "camera_top_frame_000055": {
          "frame": 55,
          "mask_pixels": 117031,
          "sam_score": 0.9622361660003662
        },
        "camera_top_frame_000060": {
          "frame": 60,
          "mask_pixels": 123019,
          "sam_score": 0.9650189280509949
        },
        "camera_top_frame_000065": {
          "frame": 65,
          "mask_pixels": 117518,
          "sam_score": 0.9600963592529297
        },
        "camera_top_frame_000070": {
          "frame": 70,
          "mask_pixels": 165293,
          "sam_score": 0.9634768962860107
        },
        "camera_top_frame_000075": {
          "frame": 75,
          "mask_pixels": 167250,
          "sam_score": 0.957918107509613
        },
        "camera_top_frame_000080": {
          "frame": 80,
          "mask_pixels": 142620,
          "sam_score": 0.9530100226402283
        },
        "camera_top_frame_000085": {
          "frame": 85,
          "mask_pixels": 125360,
          "sam_score": 0.9545130729675293
        },
        "camera_top_frame_000090": {
          "frame": 90,
          "mask_pixels": 162749,
          "sam_score": 0.9603735208511353
        },
        "camera_top_frame_000095": {
          "frame": 95,
          "mask_pixels": 170967,
          "sam_score": 0.9565378427505493
        },
        "camera_top_frame_000100": {
          "frame": 100,
          "mask_pixels": 144201,
          "sam_score": 0.9514164328575134
        },
        "camera_top_frame_000105": {
          "frame": 105,
          "mask_pixels": 170430,
          "sam_score": 0.967195987701416
        },
        "camera_top_frame_000110": {
          "frame": 110,
          "mask_pixels": 169024,
          "sam_score": 0.9743882417678833
        },
        "camera_top_frame_000115": {
          "frame": 115,
          "mask_pixels": 153731,
          "sam_score": 0.9729965329170227
        },
        "camera_top_frame_000120": {
          "frame": 120,
          "mask_pixels": 153009,
          "sam_score": 0.9681159257888794
        },
        "camera_top_frame_000125": {
          "frame": 125,
          "mask_pixels": 168453,
          "sam_score": 0.9577330350875854
        },
        "camera_top_frame_000130": {
          "frame": 130,
          "mask_pixels": 141576,
          "sam_score": 0.956432044506073
        },
        "camera_top_frame_000135": {
          "frame": 135,
          "mask_pixels": 171085,
          "sam_score": 0.9500121474266052
        },
        "camera_top_frame_000140": {
          "frame": 140,
          "mask_pixels": 168555,
          "sam_score": 0.9610896110534668
        },
        "camera_top_frame_000145": {
          "frame": 145,
          "mask_pixels": 132088,
          "sam_score": 0.9536558389663696
        },
        "camera_top_frame_000150": {
          "frame": 150,
          "mask_pixels": 167812,
          "sam_score": 0.9703866243362427
        },
        "camera_top_frame_000155": {
          "frame": 155,
          "mask_pixels": 152829,
          "sam_score": 0.9635142683982849
        },
        "camera_top_frame_000160": {
          "frame": 160,
          "mask_pixels": 146274,
          "sam_score": 0.9627900719642639
        },
        "camera_top_frame_000165": {
          "frame": 165,
          "mask_pixels": 145856,
          "sam_score": 0.9590234756469727
        },
        "camera_top_frame_000170": {
          "frame": 170,
          "mask_pixels": 134719,
          "sam_score": 0.9648240804672241
        },
        "camera_top_frame_000175": {
          "frame": 175,
          "mask_pixels": 166702,
          "sam_score": 0.9661086797714233
        },
        "camera_top_frame_000180": {
          "frame": 180,
          "mask_pixels": 149244,
          "sam_score": 0.9625078439712524
        },
        "camera_top_frame_000185": {
          "frame": 185,
          "mask_pixels": 136981,
          "sam_score": 0.9625877737998962
        },
        "camera_top_frame_000190": {
          "frame": 190,
          "mask_pixels": 167452,
          "sam_score": 0.9759902954101562
        },
        "camera_top_frame_000195": {
          "frame": 195,
          "mask_pixels": 145190,
          "sam_score": 0.9601869583129883
        },
        "camera_top_frame_000200": {
          "frame": 200,
          "mask_pixels": 171544,
          "sam_score": 0.9516615867614746
        },
        "camera_top_frame_000205": {
          "frame": 205,
          "mask_pixels": 119300,
          "sam_score": 0.9416027069091797
        },
        "camera_top_frame_000210": {
          "frame": 210,
          "mask_pixels": 139637,
          "sam_score": 0.9638466238975525
        },
        "camera_top_frame_000215": {
          "frame": 215,
          "mask_pixels": 122824,
          "sam_score": 0.945580780506134
        }
      }
    },
    "camera_side_1": {
      "num_masks": 44,
      "masks": {
        "camera_side_1_frame_000000": {
          "frame": 0,
          "mask_pixels": 11402,
          "sam_score": 0.9798941016197205
        },
        "camera_side_1_frame_000005": {
          "frame": 5,
          "mask_pixels": 135769,
          "sam_score": 0.6370508074760437
        },
        "camera_side_1_frame_000010": {
          "frame": 10,
          "mask_pixels": 127485,
          "sam_score": 0.9829294681549072
        },
        "camera_side_1_frame_000015": {
          "frame": 15,
          "mask_pixels": 126658,
          "sam_score": 0.9833938479423523
        },
        "camera_side_1_frame_000020": {
          "frame": 20,
          "mask_pixels": 126507,
          "sam_score": 0.9801456332206726
        },
        "camera_side_1_frame_000025": {
          "frame": 25,
          "mask_pixels": 126837,
          "sam_score": 0.9802246689796448
        },
        "camera_side_1_frame_000030": {
          "frame": 30,
          "mask_pixels": 127045,
          "sam_score": 0.9820991158485413
        },
        "camera_side_1_frame_000035": {
          "frame": 35,
          "mask_pixels": 127020,
          "sam_score": 0.9824835062026978
        },
        "camera_side_1_frame_000040": {
          "frame": 40,
          "mask_pixels": 126871,