{
  "version": "v4.1",
  "changes_from_v4": {
    "box_bottom": "380\u2192395 (moderate relax)",
    "negative_fix": "[545,390]\u2192[535,405] (away from bread bottom)",
    "positive_added": "[595,360] (anchor bread lower region)"
  },
  "positive_points": [
    [
      555,
      300
    ],
    [
      590,
      305
    ],
    [
      625,
      300
    ],
    [
      640,
      325
    ],
    [
      600,
      345
    ],
    [
      595,
      360
    ]
  ],
  "negative_points": [
    [
      500,
      350
    ],
    [
      500,
      390
    ],
    [
      535,
      405
    ],
    [
      560,
      285
    ],
    [
      585,
      320
    ],
    [
      680,
      340
    ]
  ],
  "box": [
    515,
    250,
    670,
    395
  ],
  "sam_score": 0.8431569337844849,
  "mask_pixels_refined": 12030,
  "mask_ratio_refined": 0.013053385416666667,
  "components_found": 13,
  "selected_component": 3,
  "vs_v4_delta": 4575,
  "comparison": {
    "v3_px": 20291,
    "v3_score": 0.8893,
    "v4_px": 7455,
    "v4_score": 0.8758
  }
}