{
  "version": "v4",
  "changes_from_v3": {
    "positive_shifted": "up/right onto bread texture (avg y: 315 vs 356)",
    "negative_strengthened": "added [500,390] and [545,390] for bottom-left background",
    "box_tightened": "bottom edge 405\u2192380",
    "postprocess": "same: keep component nearest positive centroid"
  },
  "positive_points": [
    [
      555,
      300
    ],
    [
      590,
      305
    ],
    [
      625,
      300
    ],
    [
      640,
      325
    ],
    [
      600,
      345
    ]
  ],
  "negative_points": [
    [
      500,
      350
    ],
    [
      500,
      390
    ],
    [
      545,
      390
    ],
    [
      560,
      285
    ],
    [
      585,
      320
    ],
    [
      680,
      340
    ]
  ],
  "box": [
    515,
    250,
    670,
    380
  ],
  "sam_score": 0.8757951259613037,
  "mask_pixels_raw": 7753,
  "mask_pixels_refined": 7455,
  "mask_ratio_refined": 0.008089192708333333,
  "components_found": 6,
  "selected_component": 1,
  "v3_v4_pixel_change": -12836
}