{
  "object": "drink_yykx",
  "sequence": "weigh_drink_yykx__left__2026_0701_0052_53",
  "frame_stride": 30,
  "cameras": {
    "camera_top": {
      "num_masks": 7,
      "masks": {
        "camera_top_frame_000000": {
          "frame": 0,
          "mask_pixels": 6397,
          "sam_score": 0.9452039003372192
        },
        "camera_top_frame_000030": {
          "frame": 30,
          "mask_pixels": 151203,
          "sam_score": 0.7238608598709106
        },
        "camera_top_frame_000060": {
          "frame": 60,
          "mask_pixels": 135480,
          "sam_score": 0.9673194885253906
        },
        "camera_top_frame_000090": {
          "frame": 90,
          "mask_pixels": 120371,
          "sam_score": 0.9612634181976318
        },
        "camera_top_frame_000120": {
          "frame": 120,
          "mask_pixels": 167644,
          "sam_score": 0.9681607484817505
        },
        "camera_top_frame_000150": {
          "frame": 150,
          "mask_pixels": 145490,
          "sam_score": 0.9587168097496033
        },
        "camera_top_frame_000180": {
          "frame": 180,
          "mask_pixels": 143429,
          "sam_score": 0.9585736393928528
        }
      }
    },
    "camera_side_1": {
      "num_masks": 7,
      "masks": {
        "camera_side_1_frame_000000": {
          "frame": 0,
          "mask_pixels": 20266,
          "sam_score": 0.7548036575317383
        },
        "camera_side_1_frame_000030": {
          "frame": 30,
          "mask_pixels": 128173,
          "sam_score": 0.6680947542190552
        },
        "camera_side_1_frame_000060": {
          "frame": 60,
          "mask_pixels": 126191,
          "sam_score": 0.9796709418296814
        },
        "camera_side_1_frame_000090": {
          "frame": 90,
          "mask_pixels": 127160,
          "sam_score": 0.9843729138374329
        },
        "camera_side_1_frame_000120": {
          "frame": 120,
          "mask_pixels": 126843,
          "sam_score": 0.980459988117218
        },
        "camera_side_1_frame_000150": {
          "frame": 150,
          "mask_pixels": 127151,
          "sam_score": 0.9835265874862671
        },
        "camera_side_1_frame_000180": {
          "frame": 180,
          "mask_pixels": 126174,
          "sam_score": 0.9810518026351929
        }
      }
    },
    "camera_side_2": {
      "num_masks": 7,
      "masks": {
        "camera_side_2_frame_000000": {
          "frame": 0,
          "mask_pixels": 22723,
          "sam_score": 0.9455352425575256
        },
        "camera_side_2_frame_000030": {
          "frame": 30,
          "mask_pixels": 155766,
          "sam_score": 0.7211475372314453
        },
        "camera_side_2_frame_000060": {
          "frame": 60,
          "mask_pixels": 155234,
          "sam_score": 0.9884847402572632
        },
        "camera_side_2_frame_000090": {
          "frame": 90,
          "mask_pixels": 155219,
          "sam_score": 0.9908018112182617
        },
        "camera_side_2_frame_000120": {
          "frame": 120,
          "mask_pixels": 155105,
          "sam_score": 0.9875270128250122
        },
        "camera_side_2_frame_000150": {
          "frame": 150,
          "mask_pixels": 156509,
          "sam_score": 0.9887498617172241
        },
        "camera_side_2_frame_000180": {
          "frame": 180,
          "mask_pixels": 155674,
          "sam_score": 0.9895192384719849
        }
      }
    }
  }
}