{
  "object": "drink_yykx",
  "sequence": "weigh_drink_yykx__left__2026_0701_0052_53",
  "frame_stride": 5,
  "cameras": {
    "camera_top": {
      "num_masks": 37,
      "masks": {
        "camera_top_frame_000000": {
          "frame": 0,
          "mask_pixels": 6397,
          "sam_score": 0.9452039003372192
        },
        "camera_top_frame_000005": {
          "frame": 5,
          "mask_pixels": 148788,
          "sam_score": 0.7340149879455566
        },
        "camera_top_frame_000010": {
          "frame": 10,
          "mask_pixels": 169325,
          "sam_score": 0.955148458480835
        },
        "camera_top_frame_000015": {
          "frame": 15,
          "mask_pixels": 171871,
          "sam_score": 0.9527936577796936
        },
        "camera_top_frame_000020": {
          "frame": 20,
          "mask_pixels": 169226,
          "sam_score": 0.9655407667160034
        },
        "camera_top_frame_000025": {
          "frame": 25,
          "mask_pixels": 149059,
          "sam_score": 0.9671866297721863
        },
        "camera_top_frame_000030": {
          "frame": 30,
          "mask_pixels": 146584,
          "sam_score": 0.9609326720237732
        },
        "camera_top_frame_000035": {
          "frame": 35,
          "mask_pixels": 131111,
          "sam_score": 0.9612526893615723
        },
        "camera_top_frame_000040": {
          "frame": 40,
          "mask_pixels": 168554,
          "sam_score": 0.9596482515335083
        },
        "camera_top_frame_000045": {
          "frame": 45,
          "mask_pixels": 142554,
          "sam_score": 0.9547313451766968
        },
        "camera_top_frame_000050": {
          "frame": 50,
          "mask_pixels": 168548,
          "sam_score": 0.9610041379928589
        },
        "camera_top_frame_000055": {
          "frame": 55,
          "mask_pixels": 146597,
          "sam_score": 0.9581043720245361
        },
        "camera_top_frame_000060": {
          "frame": 60,
          "mask_pixels": 136029,
          "sam_score": 0.9665674567222595
        },
        "camera_top_frame_000065": {
          "frame": 65,
          "mask_pixels": 165593,
          "sam_score": 0.9711689949035645
        },
        "camera_top_frame_000070": {
          "frame": 70,
          "mask_pixels": 168638,
          "sam_score": 0.9615650773048401
        },
        "camera_top_frame_000075": {
          "frame": 75,
          "mask_pixels": 171212,
          "sam_score": 0.9559421539306641
        },
        "camera_top_frame_000080": {
          "frame": 80,
          "mask_pixels": 143146,
          "sam_score": 0.9565812945365906
        },
        "camera_top_frame_000085": {
          "frame": 85,
          "mask_pixels": 138998,
          "sam_score": 0.9542310237884521
        },
        "camera_top_frame_000090": {
          "frame": 90,
          "mask_pixels": 121548,
          "sam_score": 0.938717246055603
        },
        "camera_top_frame_000095": {
          "frame": 95,
          "mask_pixels": 164223,
          "sam_score": 0.9597378969192505
        },
        "camera_top_frame_000100": {
          "frame": 100,
          "mask_pixels": 167548,
          "sam_score": 0.9556858539581299
        },
        "camera_top_frame_000105": {
          "frame": 105,
          "mask_pixels": 134518,
          "sam_score": 0.9644851088523865
        },
        "camera_top_frame_000110": {
          "frame": 110,
          "mask_pixels": 165016,
          "sam_score": 0.9759515523910522
        },
        "camera_top_frame_000115": {
          "frame": 115,
          "mask_pixels": 131770,
          "sam_score": 0.9591730237007141
        },
        "camera_top_frame_000120": {
          "frame": 120,
          "mask_pixels": 167504,
          "sam_score": 0.9689800143241882
        },
        "camera_top_frame_000125": {
          "frame": 125,
          "mask_pixels": 168665,
          "sam_score": 0.9750916957855225
        },
        "camera_top_frame_000130": {
          "frame": 130,
          "mask_pixels": 153757,
          "sam_score": 0.965022623538971
        },
        "camera_top_frame_000135": {
          "frame": 135,
          "mask_pixels": 153481,
          "sam_score": 0.9677547812461853
        },
        "camera_top_frame_000140": {
          "frame": 140,
          "mask_pixels": 151033,
          "sam_score": 0.9661828875541687
        },
        "camera_top_frame_000145": {
          "frame": 145,
          "mask_pixels": 170021,
          "sam_score": 0.9549652338027954
        },
        "camera_top_frame_000150": {
          "frame": 150,
          "mask_pixels": 145357,
          "sam_score": 0.9589213728904724
        },
        "camera_top_frame_000155": {
          "frame": 155,
          "mask_pixels": 141655,
          "sam_score": 0.9547803401947021
        },
        "camera_top_frame_000160": {
          "frame": 160,
          "mask_pixels": 142237,
          "sam_score": 0.9510809183120728
        },
        "camera_top_frame_000165": {
          "frame": 165,
          "mask_pixels": 144761,
          "sam_score": 0.9605679512023926
        },
        "camera_top_frame_000170": {
          "frame": 170,
          "mask_pixels": 148668,
          "sam_score": 0.9620057940483093
        },
        "camera_top_frame_000175": {
          "frame": 175,
          "mask_pixels": 167910,
          "sam_score": 0.9694216251373291
        },
        "camera_top_frame_000180": {
          "frame": 180,
          "mask_pixels": 143549,
          "sam_score": 0.958528459072113
        }
      }
    },
    "camera_side_1": {
      "num_masks": 37,
      "masks": {
        "camera_side_1_frame_000000": {
          "frame": 0,
          "mask_pixels": 20266,
          "sam_score": 0.7548036575317383
        },
        "camera_side_1_frame_000005": {
          "frame": 5,
          "mask_pixels": 136017,
          "sam_score": 0.6653038263320923
        },
        "camera_side_1_frame_000010": {
          "frame": 10,
          "mask_pixels": 127359,
          "sam_score": 0.9786137938499451
        },
        "camera_side_1_frame_000015": {
          "frame": 15,
          "mask_pixels": 126844,
          "sam_score": 0.9779933094978333
        },
        "camera_side_1_frame_000020": {
          "frame": 20,
          "mask_pixels": 127035,
          "sam_score": 0.9817913174629211
        },
        "camera_side_1_frame_000025": {
          "frame": 25,
          "mask_pixels": 126670,
          "sam_score": 0.980807363986969
        },
        "camera_side_1_frame_000030": {
          "frame": 30,
          "mask_pixels": 126809,
          "sam_score": 0.9840764403343201
        },
        "camera_side_1_frame_000035": {
          "frame": 35,
          "mask_pixels": 126263,
          "sam_score": 0.9791728258132935
        },
        "camera_side_1_frame_000040": {
          "frame": 40,
          "mask_pixels": 126983,
          "sam_score": 0.9812241196632385
        },
        "camera_side_1_frame_000045": {
          "frame": 45,
          "mask_pixels": 125962,
          "sam_score": 0.9780464768409729
        },
        "camera_side_1_frame_000050": {
          "frame": 50,
          "mask_pixels": 127171,
          "sam_score": 0.982836902141571
        },
        "camera_side_1_frame_000055": {
          "frame": 55,
          "mask_pixels": 127394,
          "sam_score": 0.984409749507904
        },
        "camera_side_1_frame_000060": {
          "frame": 60,
          "mask_pixels": 126184,
          "sam_score": 0.9795059561729431
        },
        "camera_side_1_frame_000065": {
          "frame": 65,
          "mask_pixels": 126104,
          "sam_score": 0.9827365279197693
        },
        "camera_side_1_frame_000070": {
          "frame": 70,
          "mask_pixels": 126791,
          "sam_score": 0.9842427372932434
        },
        "camera_side_1_frame_000075": {
          "frame": 75,
          "mask_pixels": 126783,