{
  "status": "valid",
  "method": "DLT_triangulation + mesh_silhouette_yaw + kalman_filter",
  "postprocessing": "kalman_filter_constant_velocity",
  "num_frames": 47,
  "num_source_keypoints": 47,
  "duration_s": 3.1333333333333333,
  "position_stats_m": {
    "x": [
      0.024626777787986186,
      0.13654422265583355
    ],
    "y": [
      0.3420765670155013,
      0.651154145626293
    ],
    "z": [
      -0.1640223386204152,
      0.15239211186891272
    ]
  },
  "velocity_stats_m_per_s": {
    "max": 1.2859682708198201,
    "mean": 0.0449836271480673
  },
  "view_quality": {
    "grade_3view": 47,
    "grade_2view": 0,
    "invalid": 0
  },
  "quality_flag": "GOOD"
}