{
  "object": "drink_yykx",
  "sequence": "weigh_drink_yykx__left__2026_0701_0052_53",
  "num_frames": 7,
  "fps": 15.0,
  "method": "multi-view mask centroid triangulation",
  "trajectory": [
    {
      "frame": 0,
      "timestamp": 0.0,
      "transform": [
        [
          -0.19433985983998783,
          -0.9809342581831741,
          0.0,
          0.036307935545882866
        ],
        [
          0.9809342581831741,
          -0.19433985983998783,
          0.0,
          0.37760828637513894
        ],
        [
          0.0,
          0.0,
          1.0,
          0.15505346467313078
        ],
        [
          0.0,
          0.0,
          0.0,
          1.0
        ]
      ],
      "position": [
        0.036307935545882866,
        0.37760828637513894,
        0.15505346467313078
      ]
    },
    {
      "frame": 30,
      "timestamp": 2.0,
      "transform": [
        [
          -0.01335102809475367,
          -0.999910871052422,
          0.0,
          0.13381660757907388
        ],
        [
          0.999910871052422,
          -0.01335102809475367,
          0.0,
          0.628257300799472
        ],
        [
          0.0,
          0.0,
          1.0,
          -0.1650258447631903
        ],
        [
          0.0,
          0.0,
          0.0,
          1.0
        ]
      ],
      "position": [
        0.13381660757907388,
        0.628257300799472,
        -0.1650258447631903
      ]
    },
    {
      "frame": 60,
      "timestamp": 4.0,
      "transform": [
        [
          -0.06316273062099168,
          -0.9980032412074121,
          0.0,
          0.1348410551860936
        ],
        [
          0.9980032412074121,
          -0.06316273062099168,
          0.0,
          0.6311046022358499
        ],
        [
          0.0,
          0.0,
          1.0,
          -0.1659524497046634
        ],
        [
          0.0,
          0.0,
          0.0,
          1.0
        ]
      ],
      "position": [
        0.1348410551860936,
        0.6311046022358499,
        -0.1659524497046634
      ]
    },
    {
      "frame": 90,
      "timestamp": 6.0,
      "transform": [
        [
          -0.11629727963194857,
          -0.9932144495274967,
          0.0,
          0.13561351417254955
        ],
        [
          0.9932144495274967,
          -0.11629727963194857,
          0.0,
          0.6367927501139401
        ],
        [
          0.0,
          0.0,
          1.0,
          -0.16112107177682325
        ],
        [
          0.0,
          0.0,
          0.0,
          1.0
        ]
      ],
      "position": [
        0.13561351417254955,
        0.6367927501139401,
        -0.16112107177682325
      ]
    },
    {
      "frame": 120,
      "timestamp": 8.0,
      "transform": [
        [
          -0.1374050143922949,
          -0.9905149479032879,
          0.0,
          0.12987727174593652
        ],
        [
          0.9905149479032879,
          -0.1374050143922949,
          0.0,
          0.6403230846041171
        ],
        [
          0.0,
          0.0,
          1.0,
          -0.14895613216386533
        ],
        [
          0.0,
          0.0,
          0.0,
          1.0
        ]
      ],
      "position": [
        0.12987727174593652,
        0.6403230846041171,
        -0.14895613216386533
      ]
    },
    {
      "frame": 150,
      "timestamp": 10.0,
      "transform": [
        [
          -0.19256770370847381,
          -0.9812836896068566,
          0.0,
          0.13177428467619817
        ],
        [
          0.9812836896068566,
          -0.19256770370847381,
          0.0,
          0.6424472959101436
        ],
        [
          0.0,
          0.0,
          1.0,
          -0.14763051988287054
        ],
        [
          0.0,
          0.0,
          0.0,
          1.0
        ]
      ],
      "position": [
        0.13177428467619817,
        0.6424472959101436,
        -0.14763051988287054
      ]
    },
    {
      "frame": 180,
      "timestamp": 12.0,
      "transform": [
        [
          -0.20000327648367025,
          -0.9797952282981361,
          0.0,
          0.1315739493507305
        ],
        [
          0.9797952282981361,
          -0.20000327648367025,
          0.0,
          0.6395645840256848
        ],
        [
          0.0,
          0.0,
          1.0,
          -0.1519506713966944
        ],
        [
          0.0,
          0.0,
          0.0,
          1.0
        ]
      ],
      "position": [
        0.1315739493507305,
        0.6395645840256848,
        -0.1519506713966944
      ]
    }
  ]
}