{
  "object": "bread",
  "sequence": "weigh_bread__2026_0701_0044_30",
  "num_frames": 8,
  "fps": 15.0,
  "method": "multi-view mask centroid triangulation",
  "trajectory": [
    {
      "frame": 0,
      "timestamp": 0.0,
      "transform": [
        [
          -0.9882749898988054,
          0.15268446004920075,
          0.0,
          0.024626777787986186
        ],
        [
          -0.15268446004920075,
          -0.9882749898988054,
          0.0,
          0.3420765670155013
        ],
        [
          0.0,
          0.0,
          1.0,
          0.15239211186891272
        ],
        [
          0.0,
          0.0,
          0.0,
          1.0
        ]
      ],
      "position": [
        0.024626777787986186,
        0.3420765670155013,
        0.15239211186891272
      ]
    },
    {
      "frame": 30,
      "timestamp": 2.0,
      "transform": [
        [
          -0.08793108229864169,
          -0.9961265606165661,
          0.0,
          0.13156181222601313
        ],
        [
          0.9961265606165661,
          -0.08793108229864169,
          0.0,
          0.6311855341545285
        ],
        [
          0.0,
          0.0,
          1.0,
          -0.15343335463228713
        ],
        [
          0.0,
          0.0,
          0.0,
          1.0
        ]
      ],
      "position": [
        0.13156181222601313,
        0.6311855341545285,
        -0.15343335463228713
      ]
    },
    {
      "frame": 60,
      "timestamp": 4.0,
      "transform": [
        [
          -0.11094224012165331,
          -0.9938268558238851,
          0.0,
          0.13084394529317447
        ],
        [
          0.9938268558238851,
          -0.11094224012165331,
          0.0,
          0.6367198065264746
        ],
        [
          0.0,
          0.0,
          1.0,
          -0.15501510948622546
        ],
        [
          0.0,
          0.0,
          0.0,
          1.0
        ]
      ],
      "position": [
        0.13084394529317447,
        0.6367198065264746,
        -0.15501510948622546
      ]
    },
    {
      "frame": 90,
      "timestamp": 6.0,
      "transform": [
        [
          -0.11496314420304006,
          -0.9933697576808703,
          0.0,
          0.13559646142585513
        ],
        [
          0.9933697576808703,
          -0.11496314420304006,
          0.0,
          0.6392401551615557
        ],
        [
          0.0,
          0.0,
          1.0,
          -0.1592634790839946
        ],
        [
          0.0,
          0.0,
          0.0,
          1.0
        ]
      ],
      "position": [
        0.13559646142585513,
        0.6392401551615557,
        -0.1592634790839946
      ]
    },
    {
      "frame": 120,
      "timestamp": 8.0,
      "transform": [
        [
          -0.1119261474801806,
          -0.9937165277433221,
          0.0,
          0.13566070019529608
        ],
        [
          0.9937165277433221,
          -0.1119261474801806,
          0.0,
          0.6367044557220926
        ],
        [
          0.0,
          0.0,
          1.0,
          -0.16099990107883003
        ],
        [
          0.0,
          0.0,
          0.0,
          1.0
        ]
      ],
      "position": [
        0.13566070019529608,
        0.6367044557220926,
        -0.16099990107883003
      ]
    },
    {
      "frame": 150,
      "timestamp": 10.0,
      "transform": [
        [
          -0.12791388598429704,
          -0.9917852780579051,
          0.0,
          0.13066173737461567
        ],
        [
          0.9917852780579051,
          -0.12791388598429704,
          0.0,
          0.6395103049335022
        ],
        [
          0.0,
          0.0,
          1.0,
          -0.1503783443302611
        ],
        [
          0.0,
          0.0,
          0.0,
          1.0
        ]
      ],
      "position": [
        0.13066173737461567,
        0.6395103049335022,
        -0.1503783443302611
      ]
    },
    {
      "frame": 180,
      "timestamp": 12.0,
      "transform": [
        [
          -0.1947011933907673,
          -0.9808626026575848,
          0.0,
          0.13160237816082462
        ],
        [
          0.9808626026575848,
          -0.1947011933907673,
          0.0,
          0.6418901907773669
        ],
        [
          0.0,
          0.0,
          1.0,
          -0.14889692355274498
        ],
        [
          0.0,
          0.0,
          0.0,
          1.0
        ]
      ],
      "position": [
        0.13160237816082462,
        0.6418901907773669,
        -0.14889692355274498
      ]
    },
    {
      "frame": 210,
      "timestamp": 14.0,
      "transform": [
        [
          -0.13710815776176116,
          -0.9905560827510858,
          0.0,
          0.12991831257794906
        ],
        [
          0.9905560827510858,
          -0.13710815776176116,
          0.0,
          0.639625719092997
        ],
        [
          0.0,
          0.0,
          1.0,
          -0.14982464719599378
        ],
        [
          0.0,
          0.0,
          0.0,
          1.0
        ]
      ],
      "position": [
        0.12991831257794906,
        0.639625719092997,
        -0.14982464719599378
      ]
    }
  ]
}