{
  "object": "drink_yykx",
  "frames_processed": 3,
  "views": {
    "camera_side_1": {
      "centroid": [
        606.4171135121345,
        354.54456250088583
      ],
      "theta_deg": -155.19593300601042,
      "area": 211669
    },
    "camera_side_2": {
      "centroid": [
        676.6105157721853,
        365.1651605205594
      ],
      "theta_deg": 163.10006640624962,
      "area": 135777
    },
    "camera_top": {
      "centroid": [
        644.7418120291665,
        402.11816460540626
      ],
      "theta_deg": 168.10784970066712,
      "area": 124115
    }
  },
  "quality_gates": {
    "area_range": [
      4000,
      25000
    ],
    "max_theta_jump_deg": 25.0,
    "max_centroid_jump_px": 40.0
  },
  "mask_definition": "Visible region mask including hand occlusion"
}