{
  "object_name": "bread",
  "sequence_name": "weigh_bread__2026_0701_0044_30",
  "camera": "camera_top",
  "method": "image_plane_pose",
  "num_frames": 79,
  "num_valid": 21,
  "valid_ratio": 0.26582278481012656,
  "invalid_reasons": {
    "spatial: centroid_jump": 8,
    "spatial: area_out_of_range": 50
  },
  "yaw_ambiguity": null,
  "limitation": "无 depth 数据；仅为 2D 图像平面追踪。",
  "metrics": {
    "mask_area": {
      "min": 6778.0,
      "max": 13951.0,
      "mean": 12379.32911392405
    },
    "centroid_jump_px": {
      "min": 0.0,
      "max": 182.61031670779857,
      "mean": 112.5875125542729
    },
    "theta_jump_deg": {
      "min": 0.0,
      "max": 0.0,
      "mean": 0.0
    },
    "sam_score": {
      "min": 0.6568602323532104,
      "max": 0.9125565886497498,
      "mean": 0.8484698126587686
    },
    "aspect_ratio": {
      "min": 0.6654135338345865,
      "max": 1.5866666666666667,
      "mean": 0.8557231307173085
    }
  },
  "elapsed_seconds": 631.274831533432
}