{
  "object": "bread",
  "sequence": "weigh_bread__left__2026_0701_0046_02",
  "num_frames": 8,
  "fps": 15.0,
  "method": "multi-view mask centroid triangulation",
  "trajectory": [
    {
      "frame": 0,
      "timestamp": 0.0,
      "transform": [
        [
          -0.30701552106255925,
          -0.9517045076212919,
          0.0,
          0.005605427141923574
        ],
        [
          0.9517045076212919,
          -0.30701552106255925,
          0.0,
          0.34465265673362383
        ],
        [
          0.0,
          0.0,
          1.0,
          0.1478384211048133
        ],
        [
          0.0,
          0.0,
          0.0,
          1.0
        ]
      ],
      "position": [
        0.005605427141923574,
        0.34465265673362383,
        0.1478384211048133
      ]
    },
    {
      "frame": 30,
      "timestamp": 2.0,
      "transform": [
        [
          -0.017429518797531362,
          -0.9998480943995878,
          0.0,
          0.17038219581430622
        ],
        [
          0.9998480943995878,
          -0.017429518797531362,
          0.0,
          0.7264731626633864
        ],
        [
          0.0,
          0.0,
          1.0,
          0.08788617911428659
        ],
        [
          0.0,
          0.0,
          0.0,
          1.0
        ]
      ],
      "position": [
        0.17038219581430622,
        0.7264731626633864,
        0.08788617911428659
      ]
    },
    {
      "frame": 60,
      "timestamp": 4.0,
      "transform": [
        [
          -0.11259112726539273,
          -0.9936414031536266,
          0.0,
          0.1709726230768106
        ],
        [
          0.9936414031536266,
          -0.11259112726539273,
          0.0,
          0.736276865775262
        ],
        [
          0.0,
          0.0,
          1.0,
          0.09837200630375537
        ],
        [
          0.0,
          0.0,
          0.0,
          1.0
        ]
      ],
      "position": [
        0.1709726230768106,
        0.736276865775262,
        0.09837200630375537
      ]
    },
    {
      "frame": 90,
      "timestamp": 6.0,
      "transform": [
        [
          -0.14351123261113885,
          -0.989648688229531,
          0.0,
          0.16380607751879822
        ],
        [
          0.989648688229531,
          -0.14351123261113885,
          0.0,
          0.7290684668102191
        ],
        [
          0.0,
          0.0,
          1.0,
          0.10738934823004333
        ],
        [
          0.0,
          0.0,
          0.0,
          1.0
        ]
      ],
      "position": [
        0.16380607751879822,
        0.7290684668102191,
        0.10738934823004333
      ]
    },
    {
      "frame": 120,
      "timestamp": 8.0,
      "transform": [
        [
          -0.15554697813464907,
          -0.9878284960422933,
          0.0,
          0.16501938825101567
        ],
        [
          0.9878284960422933,
          -0.15554697813464907,
          0.0,
          0.7284031141592591
        ],
        [
          0.0,
          0.0,
          1.0,
          0.10298529674452216
        ],
        [
          0.0,
          0.0,
          0.0,
          1.0
        ]
      ],
      "position": [
        0.16501938825101567,
        0.7284031141592591,
        0.10298529674452216
      ]
    },
    {
      "frame": 150,
      "timestamp": 10.0,
      "transform": [
        [
          -0.06269321033248296,
          -0.9980328458413616,
          0.0,
          0.16972454458624606
        ],
        [
          0.9980328458413616,
          -0.06269321033248296,
          0.0,
          0.7317863637977592
        ],
        [
          0.0,
          0.0,
          1.0,
          0.09418368580276774
        ],
        [
          0.0,
          0.0,
          0.0,
          1.0
        ]
      ],
      "position": [
        0.16972454458624606,
        0.7317863637977592,
        0.09418368580276774
      ]
    },
    {
      "frame": 180,
      "timestamp": 12.0,
      "transform": [
        [
          -0.13438255162691362,
          -0.9909295281795975,
          0.0,
          0.16374592810486882
        ],
        [
          0.9909295281795975,
          -0.13438255162691362,
          0.0,
          0.7273003788738222
        ],
        [
          0.0,
          0.0,
          1.0,
          0.10602240476410621
        ],
        [
          0.0,
          0.0,
          0.0,
          1.0
        ]
      ],
      "position": [
        0.16374592810486882,
        0.7273003788738222,
        0.10602240476410621
      ]
    },
    {
      "frame": 210,
      "timestamp": 14.0,
      "transform": [
        [
          -0.21571518676101706,
          -0.9764563268270935,
          0.0,
          0.1672000838569869
        ],
        [
          0.9764563268270935,
          -0.21571518676101706,
          0.0,
          0.7326300724545954
        ],
        [
          0.0,
          0.0,
          1.0,
          0.1096056767974505
        ],
        [
          0.0,
          0.0,
          0.0,
          1.0
        ]
      ],
      "position": [
        0.1672000838569869,
        0.7326300724545954,
        0.1096056767974505
      ]
    }
  ]
}