{
  "object_name": "pipette",
  "sequence_name": "grasp_pipette_stand__2026_0701_0019_19",
  "camera": "camera_top",
  "method": "image_plane_pose",
  "num_frames": 87,
  "num_valid": 81,
  "valid_ratio": 0.9310344827586207,
  "invalid_reasons": {
    "spatial: centroid_jump": 6
  },
  "yaw_ambiguity": null,
  "limitation": "无 depth 数据；仅为 2D 图像平面追踪。",
  "metrics": {
    "mask_area": {
      "min": 118835.0,
      "max": 294615.0,
      "mean": 176074.49425287356
    },
    "centroid_jump_px": {
      "min": 0.0,
      "max": 114.26316109030047,
      "mean": 15.43152790220803
    },
    "theta_jump_deg": {
      "min": 0.0,
      "max": 0.0,
      "mean": 0.0
    },
    "sam_score": {
      "min": 0.8990261554718018,
      "max": 0.9550641179084778,
      "mean": 0.9339288157978277
    },
    "aspect_ratio": {
      "min": 0.5930735930735931,
      "max": 1.630801687763713,
      "mean": 1.0025500967154297
    }
  },
  "elapsed_seconds": 485.65044140815735
}