{
  "object": "drink_yykx",
  "sequence": "grasp_drink_yykx__2026_0701_0054_45",
  "num_frames": 9,
  "fps": 15.0,
  "method": "multi-view mask centroid triangulation",
  "trajectory": [
    {
      "frame": 0,
      "timestamp": 0.0,
      "transform": [
        [
          0.12257436888958011,
          -0.9924593312027051,
          0.0,
          0.03884564179981966
        ],
        [
          0.9924593312027051,
          0.12257436888958011,
          0.0,
          0.3811295495860821
        ],
        [
          0.0,
          0.0,
          1.0,
          0.17192945001354593
        ],
        [
          0.0,
          0.0,
          0.0,
          1.0
        ]
      ],
      "position": [
        0.03884564179981966,
        0.3811295495860821,
        0.17192945001354593
      ]
    },
    {
      "frame": 30,
      "timestamp": 2.0,
      "transform": [
        [
          -0.12269743518826637,
          -0.9924441240685649,
          0.0,
          0.27841503190640987
        ],
        [
          0.9924441240685649,
          -0.12269743518826637,
          0.0,
          0.5999281766388773
        ],
        [
          0.0,
          0.0,
          1.0,
          0.1256340807724889
        ],
        [
          0.0,
          0.0,
          0.0,
          1.0
        ]
      ],
      "position": [
        0.27841503190640987,
        0.5999281766388773,
        0.1256340807724889
      ]
    },
    {
      "frame": 60,
      "timestamp": 4.0,
      "transform": [
        [
          -0.13934117380898925,
          -0.9902444330979766,
          0.0,
          0.17288616230473278
        ],
        [
          0.9902444330979766,
          -0.13934117380898925,
          0.0,
          0.7242573273356459
        ],
        [
          0.0,
          0.0,
          1.0,
          0.10269033111726687
        ],
        [
          0.0,
          0.0,
          0.0,
          1.0
        ]
      ],
      "position": [
        0.17288616230473278,
        0.7242573273356459,
        0.10269033111726687
      ]
    },
    {
      "frame": 90,
      "timestamp": 6.0,
      "transform": [
        [
          -0.16780695153952174,
          -0.985819875542694,
          0.0,
          0.17272931157894306
        ],
        [
          0.985819875542694,
          -0.16780695153952174,
          0.0,
          0.7207400867332769
        ],
        [
          0.0,
          0.0,
          1.0,
          0.09903507914281849
        ],
        [
          0.0,
          0.0,
          0.0,
          1.0
        ]
      ],
      "position": [
        0.17272931157894306,
        0.7207400867332769,
        0.09903507914281849
      ]
    },
    {
      "frame": 120,
      "timestamp": 8.0,
      "transform": [
        [
          -0.09600537632993511,
          -0.9953808154248038,
          0.0,
          0.17976090064578878
        ],
        [
          0.9953808154248038,
          -0.09600537632993511,
          0.0,
          0.7236080423614619
        ],
        [
          0.0,
          0.0,
          1.0,
          0.09035897268567374
        ],
        [
          0.0,
          0.0,
          0.0,
          1.0
        ]
      ],
      "position": [
        0.17976090064578878,
        0.7236080423614619,
        0.09035897268567374
      ]
    },
    {
      "frame": 150,
      "timestamp": 10.0,
      "transform": [
        [
          -0.09656664126762683,
          -0.9953265211950746,
          0.0,
          0.18109141865796524
        ],
        [
          0.9953265211950746,
          -0.09656664126762683,
          0.0,
          0.7243299102528828
        ],
        [
          0.0,
          0.0,
          1.0,
          0.09022162559753338
        ],
        [
          0.0,
          0.0,
          0.0,
          1.0
        ]
      ],
      "position": [
        0.18109141865796524,
        0.7243299102528828,
        0.09022162559753338
      ]
    },
    {
      "frame": 180,
      "timestamp": 12.0,
      "transform": [
        [
          -0.1294533970108233,
          -0.9915855071562704,
          0.0,
          0.1726483652821249
        ],
        [
          0.9915855071562704,
          -0.1294533970108233,
          0.0,
          0.7212185272691427
        ],
        [
          0.0,
          0.0,
          1.0,
          0.10036971606633172
        ],
        [
          0.0,
          0.0,
          0.0,
          1.0
        ]
      ],
      "position": [
        0.1726483652821249,
        0.7212185272691427,
        0.10036971606633172
      ]
    },
    {
      "frame": 210,
      "timestamp": 14.0,
      "transform": [
        [
          -0.11672274158117733,
          -0.9931645390355888,
          0.0,
          0.17930297917719634
        ],
        [
          0.9931645390355888,
          -0.11672274158117733,
          0.0,
          0.7306210586067732
        ],
        [
          0.0,
          0.0,
          1.0,
          0.09585973307938267
        ],
        [
          0.0,
          0.0,
          0.0,
          1.0
        ]
      ],
      "position": [
        0.17930297917719634,
        0.7306210586067732,
        0.09585973307938267
      ]
    },
    {
      "frame": 240,
      "timestamp": 16.0,
      "transform": [
        [
          -0.13227442807129522,
          -0.9912131333262345,
          0.0,
          0.17251217068366728
        ],
        [
          0.9912131333262345,
          -0.13227442807129522,
          0.0,
          0.7194235204780186
        ],
        [
          0.0,
          0.0,
          1.0,
          0.09967795476997857
        ],
        [
          0.0,
          0.0,
          0.0,
          1.0
        ]
      ],
      "position": [
        0.17251217068366728,
        0.7194235204780186,
        0.09967795476997857
      ]
    }
  ]
}